age,gender,caste,income,region,education_years,eligible,approved
56,Male,OBC,436721,Urban,3,0,0
46,Female,General,473332,Urban,10,0,1
32,Male,OBC,393173,Urban,10,0,0
60,Female,OBC,405718,Rural,10,0,0
25,Female,General,463663,Rural,15,0,0
38,Male,General,342575,Urban,13,0,0
56,Male,SC,461124,Rural,8,0,0
36,Male,OBC,79336,Urban,1,0,0
40,Male,General,353136,Urban,11,0,0
28,Female,ST,105350,Rural,11,1,1
28,Female,General,119561,Urban,12,1,1
41,Female,OBC,364099,Rural,15,0,1
53,Male,ST,111240,Urban,2,0,0
57,Female,General,201165,Urban,14,0,1
41,Female,General,449371,Urban,10,0,0
20,Male,General,96607,Rural,10,1,1
39,Male,General,476703,Rural,14,0,1
19,Female,General,236740,Rural,3,0,0
41,Male,OBC,464179,Urban,4,0,0
61,Female,General,231196,Urban,0,0,1
47,Male,OBC,365014,Urban,6,0,1
55,Female,ST,499763,Urban,15,0,0
19,Male,SC,114110,Rural,13,1,1
38,Male,OBC,234626,Urban,9,0,1
50,Male,General,202008,Rural,15,0,0
29,Female,OBC,429039,Rural,6,0,0
39,Female,OBC,54426,Urban,8,1,1
61,Male,OBC,269911,Rural,3,0,0
42,Male,General,339750,Urban,13,0,0
44,Female,SC,491048,Urban,13,0,0
59,Male,OBC,78151,Urban,5,1,1
45,Female,General,323452,Rural,10,0,0
33,Male,General,290853,Urban,1,0,0
32,Male,OBC,304595,Urban,11,0,0
64,Male,SC,226743,Urban,11,0,1
61,Male,SC,140306,Urban,13,1,1
20,Female,SC,275180,Rural,3,0,0
54,Male,General,419128,Rural,1,0,1
24,Male,OBC,52204,Urban,9,1,1
38,Female,OBC,142769,Urban,4,0,0
26,Male,General,137265,Rural,14,1,1
56,Male,General,343275,Urban,6,0,1
35,Female,SC,102428,Rural,12,1,0
21,Female,General,83870,Urban,0,0,1
42,Male,OBC,153547,Urban,14,1,1
31,Female,General,285990,Urban,9,0,0
26,Female,General,99067,Urban,9,1,1
43,Male,General,288083,Rural,6,0,1
19,Male,ST,162217,Urban,9,1,0
37,Female,SC,464823,Rural,12,0,1
45,Female,ST,468184,Rural,5,0,0
64,Male,OBC,148934,Urban,5,1,0
24,Female,General,192980,Rural,11,1,0
61,Female,OBC,469639,Urban,7,0,0
25,Male,OBC,386851,Urban,7,0,0
64,Male,SC,259329,Rural,5,0,1
52,Male,General,307354,Urban,2,0,0
31,Female,OBC,111215,Rural,4,0,0
34,Male,General,236907,Urban,1,0,0
53,Male,General,361573,Rural,14,0,0
57,Female,SC,394296,Rural,13,0,0
21,Female,OBC,158048,Rural,4,0,0
19,Male,General,219530,Rural,13,0,0
23,Female,General,227241,Rural,8,0,0
59,Male,OBC,188731,Rural,9,1,1
21,Female,SC,289977,Rural,0,0,0
46,Male,SC,389384,Urban,9,0,1
35,Male,ST,476009,Urban,4,0,1
43,Female,SC,163688,Urban,11,1,1
61,Male,General,358617,Rural,5,0,0
51,Male,OBC,408906,Urban,13,0,0
27,Female,OBC,270460,Urban,10,0,0
53,Female,General,419100,Urban,6,0,0
31,Female,SC,430596,Rural,8,0,0
48,Female,General,236823,Rural,5,0,0
32,Male,ST,438455,Urban,4,0,0
25,Male,OBC,259987,Urban,11,0,1
31,Male,OBC,497470,Rural,6,0,0
40,Male,OBC,319150,Urban,12,0,0
57,Female,SC,299243,Urban,0,0,0
38,Male,OBC,124218,Rural,10,1,1
33,Male,OBC,246416,Rural,13,0,1
62,Male,General,477056,Urban,4,0,0
35,Female,OBC,82430,Rural,14,1,0
64,Male,General,73091,Rural,1,0,0
41,Male,SC,307125,Urban,3,0,0
43,Male,OBC,476199,Rural,6,0,0
42,Female,OBC,73989,Rural,4,0,0
62,Male,General,125451,Rural,11,1,0
58,Female,General,68990,Rural,5,1,0
46,Female,SC,402414,Urban,1,0,1
32,Male,General,392504,Urban,2,0,1
62,Female,General,300541,Urban,6,0,0
18,Female,General,348225,Urban,10,0,1
42,Female,ST,192105,Urban,1,0,0
24,Male,SC,420416,Rural,11,0,1
26,Male,General,328385,Rural,5,0,1
41,Female,General,174932,Rural,4,0,0
18,Male,General,318083,Rural,9,0,1
61,Female,SC,163000,Rural,0,0,0
25,Female,OBC,228634,Urban,11,0,0
41,Female,General,85063,Urban,10,1,1
28,Male,General,257793,Urban,14,0,1
34,Male,General,208117,Rural,9,0,1
25,Female,OBC,487985,Urban,10,0,1
52,Female,SC,359262,Rural,3,0,0
52,Male,General,134703,Urban,10,1,1
50,Female,General,464841,Rural,1,0,0
22,Female,General,285796,Rural,3,0,1
59,Male,ST,178557,Rural,0,0,0
56,Male,General,339220,Rural,1,0,1
58,Male,SC,303317,Rural,12,0,1
45,Male,OBC,245877,Rural,7,0,0
24,Male,General,356749,Rural,5,0,1
26,Female,General,396709,Rural,1,0,1
25,Male,General,351265,Rural,11,0,0
29,Male,OBC,343577,Urban,14,0,1
51,Male,SC,93309,Urban,5,1,1
50,Male,OBC,379612,Rural,9,0,1
40,Female,OBC,487470,Urban,8,0,1
41,Male,General,379437,Urban,6,0,1
54,Male,ST,408402,Rural,8,0,1
52,Female,SC,481069,Rural,4,0,0
61,Male,General,350549,Rural,6,0,0
57,Male,ST,93527,Urban,10,1,1
39,Male,OBC,389371,Urban,15,0,1
44,Male,OBC,443708,Urban,14,0,1
52,Male,SC,274490,Urban,13,0,0
18,Male,SC,189883,Urban,6,1,1
52,Male,OBC,143344,Urban,11,1,1
54,Female,General,205344,Rural,15,0,0
64,Male,General,273564,Rural,11,0,0
31,Male,ST,97153,Urban,2,0,1
20,Female,General,158042,Urban,6,1,1
18,Male,General,104110,Urban,0,0,1
22,Female,OBC,195051,Urban,8,1,1
43,Male,OBC,291131,Rural,9,0,1
31,Female,OBC,289173,Urban,12,0,0
56,Male,ST,78328,Urban,5,1,1
44,Male,General,162911,Urban,15,1,1
26,Male,General,325011,Urban,4,0,0
32,Female,General,109234,Rural,6,1,1
32,Male,SC,337995,Rural,4,0,0
43,Male,OBC,343423,Rural,9,0,0
59,Male,General,298503,Urban,4,0,1
30,Female,SC,277135,Rural,15,0,0
49,Male,SC,123402,Rural,10,1,1
56,Female,SC,327593,Rural,9,0,0
49,Male,ST,388365,Urban,10,0,1
21,Male,General,401224,Urban,6,0,1
47,Male,SC,55451,Rural,9,1,1
54,Male,OBC,137178,Rural,14,1,0
40,Male,SC,484532,Urban,6,0,0
56,Male,SC,375905,Urban,12,0,0
62,Female,SC,286562,Urban,10,0,0
32,Male,OBC,351014,Rural,14,0,0
60,Male,General,408710,Urban,2,0,1
46,Male,OBC,435893,Rural,2,0,0
53,Male,ST,173765,Urban,9,1,1
30,Male,ST,437025,Rural,11,0,0
49,Male,General,474089,Rural,12,0,1
24,Male,General,178389,Urban,14,1,1
39,Female,General,239699,Rural,2,0,1
45,Female,SC,247227,Urban,5,0,1
19,Male,SC,337516,Rural,11,0,0
59,Male,General,315786,Rural,14,0,0
62,Female,OBC,310220,Urban,5,0,0
23,Male,SC,471217,Rural,12,0,0
45,Male,SC,346208,Rural,12,0,0
45,Male,OBC,275898,Urban,2,0,1
61,Female,OBC,326266,Rural,2,0,1
61,Female,OBC,468036,Rural,7,0,0
37,Male,General,118431,Rural,7,1,1
47,Male,OBC,105745,Urban,6,1,1
28,Male,OBC,100081,Urban,9,1,1
45,Female,SC,451927,Urban,3,0,1
42,Male,OBC,266204,Rural,14,0,0
56,Male,SC,462009,Urban,3,0,1
50,Female,General,451415,Rural,2,0,0
18,Male,OBC,126253,Urban,4,0,0
44,Female,General,348335,Rural,2,0,0
30,Male,General,322355,Urban,12,0,0
58,Male,SC,161086,Urban,7,1,1
20,Male,ST,499962,Urban,6,0,1
56,Female,General,464758,Urban,15,0,0
23,Female,OBC,474528,Rural,12,0,0
25,Female,SC,488458,Rural,2,0,0
44,Male,General,414115,Rural,15,0,1
26,Female,OBC,143783,Rural,8,1,1
54,Male,SC,175681,Rural,11,1,1
50,Male,OBC,137893,Rural,13,1,1
59,Female,General,498604,Rural,12,0,0
61,Male,General,208763,Rural,4,0,1
41,Male,SC,127960,Urban,8,1,1
32,Male,OBC,396532,Rural,6,0,0
49,Male,General,72601,Urban,14,1,1
49,Male,SC,461236,Rural,6,0,0
41,Male,General,189227,Rural,5,1,1
58,Male,SC,250191,Urban,1,0,0
29,Female,General,217849,Urban,8,0,0
56,Female,ST,331854,Rural,5,0,0
19,Male,General,420858,Rural,7,0,1
20,Male,General,205604,Urban,0,0,0
54,Male,General,178727,Rural,4,0,0
34,Male,General,461817,Rural,11,0,0
19,Male,SC,113227,Urban,0,0,1
19,Female,ST,186039,Rural,9,1,1
45,Male,General,134289,Rural,10,1,0
40,Male,OBC,201094,Urban,15,0,1
54,Male,SC,486679,Rural,13,0,1
49,Male,SC,255743,Rural,7,0,1
50,Female,OBC,317866,Urban,7,0,0
18,Female,General,208485,Urban,0,0,0
36,Male,OBC,393194,Urban,8,0,1
19,Female,OBC,283820,Rural,1,0,0
61,Male,General,286994,Rural,11,0,1
43,Female,OBC,395740,Rural,8,0,0
49,Female,General,378876,Rural,0,0,0
23,Male,SC,455513,Rural,11,0,1
49,Male,General,118323,Urban,9,1,1
21,Male,OBC,335960,Urban,13,0,0
28,Male,OBC,90695,Urban,15,1,1
34,Female,OBC,462918,Urban,13,0,1
55,Male,General,468458,Rural,8,0,1
41,Male,OBC,105841,Rural,3,0,1
22,Female,OBC,440642,Urban,8,0,0
51,Female,OBC,248784,Rural,6,0,0
23,Male,OBC,157096,Rural,10,1,0
39,Male,OBC,142764,Urban,5,1,1
28,Male,SC,496790,Urban,14,0,0
33,Male,General,135744,Urban,4,0,0
50,Female,SC,340626,Urban,10,0,1
26,Male,OBC,59171,Rural,8,1,1
23,Male,General,150755,Urban,1,0,0
33,Male,General,158125,Urban,13,1,1
46,Male,General,442866,Urban,12,0,1
20,Female,SC,418226,Rural,10,0,0
37,Female,SC,53696,Urban,13,1,0
53,Male,SC,176310,Urban,11,1,1
36,Male,OBC,463274,Urban,1,0,0
43,Male,OBC,201385,Urban,10,0,0
20,Female,General,331293,Urban,11,0,0
36,Female,General,442208,Rural,14,0,1
37,Male,OBC,365665,Urban,8,0,1
49,Female,General,95740,Urban,11,1,1
24,Female,General,156611,Rural,2,0,0
58,Male,OBC,448172,Urban,7,0,0
50,Female,SC,298922,Urban,10,0,0
57,Male,ST,378785,Urban,15,0,1
56,Male,ST,113811,Rural,14,1,1
35,Male,OBC,495376,Urban,8,0,0
57,Male,OBC,232385,Rural,7,0,1
18,Male,OBC,113232,Rural,15,1,1
28,Female,SC,327561,Urban,3,0,0
45,Male,General,205801,Rural,11,0,1
42,Female,OBC,162492,Urban,0,0,1
40,Male,SC,80099,Urban,3,0,1
48,Male,General,279206,Rural,13,0,1
47,Male,OBC,473177,Rural,8,0,1
59,Male,OBC,455818,Rural,1,0,0
52,Female,General,168474,Urban,15,1,0
24,Male,General,321400,Urban,2,0,1
33,Male,General,293588,Rural,9,0,0
43,Male,General,84681,Urban,7,1,1
19,Female,General,141328,Urban,5,1,1
18,Female,SC,268512,Urban,15,0,0
29,Female,General,355505,Urban,7,0,0
22,Male,OBC,84540,Rural,15,1,0
54,Male,General,207608,Urban,6,0,1
49,Male,ST,134700,Rural,13,1,1
26,Male,General,390676,Urban,12,0,0
58,Male,OBC,237647,Rural,12,0,1
52,Male,SC,439770,Urban,4,0,1
36,Male,SC,446087,Urban,8,0,0
33,Male,General,96002,Urban,3,0,0
20,Female,SC,99812,Urban,5,1,0
37,Male,OBC,465842,Urban,1,0,1
41,Male,OBC,241051,Rural,14,0,0
50,Female,General,307906,Rural,1,0,1
41,Male,General,158946,Urban,1,0,1
28,Female,SC,116668,Urban,9,1,1
25,Male,OBC,149003,Urban,6,1,1
53,Male,OBC,261142,Rural,12,0,1
55,Female,SC,270462,Rural,1,0,0
57,Female,SC,355142,Rural,14,0,0
37,Female,General,244886,Urban,14,0,1
52,Male,OBC,154601,Urban,11,1,1
42,Male,General,488823,Urban,14,0,1
52,Male,SC,319956,Rural,12,0,0
42,Male,OBC,111844,Rural,1,0,0
46,Female,ST,251165,Rural,14,0,0
35,Male,General,445395,Rural,8,0,0
63,Female,General,224870,Urban,6,0,0
35,Male,General,124601,Rural,10,1,1
19,Male,General,451491,Urban,2,0,1
52,Male,General,493790,Rural,2,0,0
33,Female,ST,360001,Urban,6,0,1
58,Female,General,437699,Urban,4,0,0
53,Female,General,332844,Rural,9,0,0
50,Female,SC,307927,Rural,13,0,0
21,Female,OBC,482680,Rural,13,0,0
50,Female,SC,223423,Urban,5,0,1
31,Male,General,143330,Rural,12,1,1
38,Male,OBC,275391,Urban,11,0,0
37,Male,General,263606,Rural,7,0,0
25,Female,General,457085,Urban,8,0,0
24,Female,ST,241387,Rural,0,0,0
20,Male,General,291133,Rural,2,0,1
34,Female,OBC,464170,Rural,10,0,0
50,Female,OBC,212627,Urban,6,0,0
29,Male,General,375497,Urban,5,0,0
39,Male,SC,488242,Rural,6,0,1
39,Female,General,412916,Urban,7,0,0
63,Male,OBC,228048,Rural,5,0,1
47,Female,ST,403646,Urban,2,0,0
55,Male,OBC,426087,Urban,1,0,0
55,Female,ST,421994,Rural,11,0,1
62,Female,General,95095,Rural,6,1,1
25,Female,OBC,195342,Rural,11,1,0
44,Male,General,211980,Rural,11,0,0
44,Female,SC,327667,Urban,11,0,0
51,Female,ST,112433,Rural,10,1,1
38,Male,General,490284,Urban,0,0,1
47,Female,OBC,69991,Rural,2,0,0
50,Male,General,322919,Rural,11,0,0
45,Male,OBC,397139,Urban,10,0,0
64,Male,OBC,197745,Rural,3,0,1
50,Male,ST,172808,Rural,12,1,1
22,Male,OBC,208128,Urban,13,0,1
36,Female,General,187686,Rural,0,0,1
21,Male,General,57415,Urban,4,0,1
52,Female,General,296038,Urban,9,0,1
34,Male,General,487100,Urban,2,0,1
61,Male,General,460180,Urban,1,0,1
45,Male,SC,480942,Rural,14,0,0
47,Female,OBC,304205,Rural,2,0,1
46,Male,OBC,349188,Rural,7,0,1
63,Female,General,238221,Rural,15,0,0
23,Female,SC,218616,Urban,5,0,1
52,Female,SC,99976,Urban,12,1,1
58,Male,General,475468,Urban,13,0,1
54,Male,SC,315976,Urban,6,0,0
41,Female,OBC,271883,Rural,11,0,0
46,Male,General,261509,Urban,5,0,0
63,Female,OBC,346292,Urban,5,0,0
48,Male,OBC,289241,Urban,15,0,0
52,Female,General,269526,Rural,11,0,0
50,Female,ST,424374,Rural,15,0,1
38,Female,SC,397220,Rural,2,0,0
49,Male,OBC,496675,Rural,11,0,0
40,Female,OBC,350546,Rural,12,0,0
50,Male,OBC,238799,Rural,13,0,1
20,Male,OBC,88578,Urban,7,1,1
35,Female,OBC,140453,Rural,11,1,0
42,Female,General,465534,Rural,6,0,1
59,Female,OBC,387859,Rural,6,0,0
48,Female,SC,258859,Rural,5,0,1
20,Male,OBC,161435,Urban,4,0,0
57,Male,General,266101,Rural,9,0,1
63,Female,SC,201538,Rural,7,0,0
41,Male,General,407886,Urban,4,0,0
49,Male,General,95475,Rural,8,1,1
64,Male,General,372286,Urban,8,0,0
39,Male,General,266232,Rural,0,0,1
40,Male,SC,207636,Rural,5,0,1
19,Male,OBC,203484,Urban,6,0,1
44,Male,General,143526,Rural,2,0,1
59,Male,SC,101001,Urban,15,1,1
19,Female,SC,369793,Rural,6,0,1
43,Male,SC,242029,Urban,10,0,0
34,Male,General,478733,Rural,10,0,0
57,Female,OBC,194228,Urban,6,1,0
50,Male,ST,466280,Rural,15,0,0
26,Female,SC,75711,Urban,13,1,1
60,Female,General,80106,Rural,12,1,1
56,Male,General,377602,Rural,10,0,0
46,Male,OBC,459805,Rural,1,0,1
59,Female,ST,442573,Rural,6,0,0
43,Female,OBC,267583,Rural,14,0,0
52,Male,OBC,413898,Urban,0,0,0
42,Female,General,188286,Urban,4,0,0
41,Male,OBC,277189,Urban,8,0,0
30,Female,SC,176479,Rural,6,1,1
24,Male,General,470343,Rural,6,0,1
53,Female,SC,186213,Urban,10,1,1
62,Female,ST,78884,Rural,12,1,1
37,Female,General,314852,Rural,11,0,1
18,Male,OBC,330519,Rural,1,0,0
25,Male,General,65088,Urban,7,1,1
63,Male,SC,369759,Urban,2,0,1
33,Male,OBC,422282,Rural,14,0,0
31,Male,OBC,226118,Rural,7,0,1
29,Female,SC,322158,Urban,2,0,0
40,Male,General,245497,Rural,9,0,1
32,Male,ST,446489,Rural,6,0,1
45,Female,OBC,228207,Rural,1,0,0
51,Female,General,414986,Rural,15,0,0
19,Female,OBC,474097,Urban,3,0,1
49,Female,SC,128077,Urban,10,1,1
40,Male,General,189784,Rural,5,1,1
39,Male,SC,255776,Urban,10,0,1
42,Female,ST,365018,Urban,8,0,0
39,Female,General,119087,Urban,4,0,0
39,Male,ST,324441,Urban,12,0,0
59,Female,General,290341,Urban,8,0,1
23,Male,General,339272,Urban,14,0,1
32,Male,General,118368,Urban,4,0,1
60,Male,SC,269571,Urban,9,0,1
54,Male,OBC,391102,Rural,7,0,1
50,Male,General,345064,Rural,15,0,1
25,Male,OBC,301514,Rural,12,0,0
61,Female,OBC,454372,Urban,12,0,0
61,Male,General,192180,Urban,0,0,1
22,Male,SC,475061,Rural,6,0,1
56,Female,SC,446016,Rural,3,0,0
21,Female,OBC,309904,Urban,4,0,1
23,Female,ST,485928,Urban,5,0,0
62,Female,OBC,445826,Rural,4,0,0
49,Female,ST,127603,Urban,11,1,0
47,Male,OBC,83872,Urban,0,0,0
64,Male,OBC,322872,Rural,11,0,0
52,Male,General,407246,Urban,8,0,0
57,Male,SC,434193,Urban,1,0,1
33,Male,OBC,332727,Urban,8,0,1
30,Female,General,135774,Rural,9,1,1
59,Male,General,450479,Urban,1,0,1
47,Male,OBC,438518,Urban,8,0,1
36,Male,OBC,248522,Urban,5,0,1
34,Female,SC,270357,Rural,10,0,0
36,Male,SC,462672,Urban,8,0,1
45,Female,General,403262,Rural,12,0,0
43,Male,SC,115942,Urban,5,1,1
54,Male,General,63689,Rural,5,1,1
43,Male,SC,476150,Rural,12,0,1
40,Female,SC,83276,Urban,10,1,0
26,Male,OBC,151968,Urban,13,1,1
29,Female,SC,463089,Urban,1,0,0
18,Male,General,325194,Urban,7,0,0
18,Male,OBC,116216,Rural,2,0,1
64,Female,SC,265516,Urban,6,0,1
51,Female,OBC,396184,Urban,4,0,0
49,Female,General,71644,Urban,2,0,1
42,Female,OBC,112021,Rural,0,0,0
57,Female,SC,218197,Urban,7,0,0
62,Female,General,92291,Urban,2,0,1
18,Female,General,478276,Urban,1,0,0
33,Female,SC,444754,Rural,15,0,1
56,Female,SC,479392,Rural,0,0,0
22,Female,General,353664,Urban,3,0,0
39,Female,General,75675,Urban,12,1,0
46,Male,General,199359,Urban,7,1,1
20,Female,General,312318,Urban,12,0,0
29,Female,OBC,142268,Rural,2,0,0
43,Male,SC,347142,Rural,13,0,0
33,Female,OBC,234384,Urban,0,0,1
54,Male,OBC,455328,Rural,3,0,0
39,Male,General,155410,Urban,8,1,1
46,Female,SC,387369,Rural,12,0,0
31,Male,OBC,356958,Rural,0,0,0
45,Female,ST,397235,Urban,11,0,1
22,Female,OBC,362863,Rural,13,0,0
64,Male,General,179887,Urban,10,1,1
47,Male,OBC,346063,Urban,1,0,0
63,Male,General,385299,Urban,8,0,0
22,Female,OBC,383713,Urban,15,0,0
29,Female,General,353472,Rural,1,0,0
33,Female,General,251554,Rural,12,0,1
43,Male,SC,336762,Rural,2,0,1
43,Female,General,84675,Rural,6,1,0
38,Male,SC,331063,Rural,2,0,0
56,Female,General,316317,Urban,8,0,1
53,Male,OBC,421513,Urban,15,0,1
50,Female,OBC,338544,Urban,5,0,1
47,Male,OBC,231517,Rural,2,0,0
54,Female,General,120305,Rural,8,1,1
40,Male,General,218636,Urban,0,0,1
27,Female,General,489030,Rural,9,0,0
22,Female,General,138791,Rural,2,0,0
53,Male,OBC,209034,Rural,0,0,0
51,Female,ST,120533,Urban,1,0,0
48,Female,SC,237256,Urban,15,0,1
27,Male,SC,415735,Urban,11,0,1
36,Male,SC,191650,Urban,7,1,1
49,Female,OBC,181060,Urban,6,1,0
18,Male,General,199696,Rural,1,0,1
22,Male,ST,351338,Urban,1,0,1
62,Male,OBC,422047,Rural,8,0,1
21,Female,OBC,443605,Urban,12,0,1
33,Male,General,411447,Rural,12,0,0
41,Female,OBC,292188,Urban,5,0,1
33,Female,OBC,426047,Rural,4,0,0
19,Female,SC,379535,Rural,9,0,0
45,Female,OBC,287501,Urban,5,0,1
49,Male,General,457010,Urban,15,0,1
44,Female,ST,370146,Rural,8,0,0
37,Male,General,347675,Urban,15,0,1
41,Male,OBC,233887,Urban,10,0,0
29,Male,General,54986,Urban,6,1,1
52,Male,SC,344442,Urban,14,0,1
50,Female,ST,313625,Rural,9,0,0
50,Female,General,368552,Urban,9,0,0
60,Male,SC,250339,Rural,13,0,0
54,Male,General,171950,Rural,8,1,1
29,Female,ST,460051,Rural,3,0,1
20,Male,SC,175355,Rural,1,0,1
18,Male,SC,77798,Rural,11,1,1
50,Male,General,141649,Urban,7,1,1
57,Female,ST,377031,Rural,3,0,0
27,Female,SC,69477,Rural,12,1,1
60,Male,General,460482,Rural,8,0,1
61,Male,SC,267400,Rural,14,0,0
46,Female,General,267060,Urban,14,0,1
30,Female,SC,439959,Urban,3,0,0
29,Male,General,486742,Rural,14,0,0
48,Female,SC,439570,Urban,7,0,0
63,Male,OBC,455105,Rural,8,0,0
19,Male,General,336479,Urban,12,0,1
52,Female,General,454470,Urban,8,0,0
40,Male,General,398754,Urban,9,0,0
34,Female,OBC,323586,Urban,3,0,0
43,Male,General,358433,Urban,0,0,1
25,Male,OBC,365891,Urban,15,0,0
46,Female,General,349471,Rural,14,0,1
43,Male,General,459415,Rural,2,0,0
27,Female,SC,384971,Urban,8,0,1
43,Male,General,156464,Rural,3,0,0
51,Male,ST,181184,Rural,4,0,0
58,Male,SC,137051,Rural,6,1,1
24,Female,OBC,200653,Urban,4,0,0
21,Male,OBC,295300,Rural,3,0,1
62,Female,SC,109722,Rural,14,1,0
28,Male,General,142036,Urban,1,0,0
46,Female,General,278634,Urban,14,0,0
53,Male,General,197595,Rural,1,0,0
42,Female,SC,379104,Urban,12,0,0
38,Female,General,298709,Rural,12,0,0
53,Female,OBC,331696,Urban,3,0,1
27,Female,ST,191880,Rural,9,1,0
54,Female,SC,285419,Rural,12,0,0
26,Female,OBC,204692,Urban,9,0,1
41,Male,General,313031,Urban,12,0,1
52,Male,SC,343946,Rural,14,0,1
52,Female,OBC,135024,Rural,8,1,0
53,Female,General,295809,Rural,7,0,0
35,Female,General,168639,Urban,2,0,0
56,Male,ST,430392,Urban,15,0,1
49,Male,OBC,131938,Urban,14,1,1
41,Male,SC,267813,Rural,13,0,1
40,Female,SC,302100,Urban,15,0,0
49,Male,OBC,434890,Urban,8,0,1
54,Male,OBC,338193,Rural,13,0,0
29,Male,OBC,389933,Rural,4,0,0
30,Male,General,134526,Urban,10,1,1
40,Male,OBC,451062,Urban,2,0,1
42,Male,SC,96220,Rural,4,0,0
52,Female,OBC,358307,Rural,12,0,0
58,Male,SC,446981,Urban,9,0,1
47,Male,OBC,429270,Rural,12,0,0
34,Male,OBC,393630,Rural,3,0,0
37,Male,OBC,488486,Urban,7,0,0
42,Male,OBC,125277,Urban,12,1,1
39,Male,SC,416389,Urban,11,0,0
30,Female,General,172332,Rural,4,0,0
36,Male,OBC,284231,Urban,9,0,1
53,Female,General,72931,Rural,11,1,0
29,Female,General,139116,Rural,7,1,1
58,Female,OBC,301671,Urban,8,0,1
36,Male,OBC,367777,Rural,3,0,1
29,Male,ST,101913,Rural,6,1,1
26,Male,OBC,300216,Urban,1,0,0
24,Male,SC,144776,Urban,5,1,1
45,Female,OBC,75991,Urban,7,1,1
31,Male,OBC,235917,Rural,11,0,1
48,Male,General,154092,Rural,6,1,1
36,Female,General,279577,Urban,6,0,1
64,Female,General,236384,Rural,7,0,0
33,Male,OBC,453777,Urban,15,0,1
22,Male,General,460117,Urban,6,0,0
52,Male,General,287113,Urban,4,0,0
29,Male,General,145556,Urban,6,1,1
42,Male,ST,375019,Urban,12,0,0
38,Male,General,206989,Rural,13,0,1
53,Male,OBC,374264,Urban,9,0,1
40,Male,General,445204,Rural,2,0,1
33,Male,OBC,422185,Urban,4,0,1
56,Male,General,178467,Urban,6,1,1
62,Male,General,457472,Urban,14,0,0
59,Female,OBC,430634,Rural,8,0,0
56,Female,General,268800,Urban,14,0,0
31,Male,General,176155,Urban,1,0,1
48,Male,General,340374,Rural,3,0,0
22,Male,General,109778,Urban,11,1,1
52,Female,General,95833,Urban,6,1,1
40,Female,General,334769,Rural,0,0,1
46,Male,SC,82088,Urban,12,1,1
60,Female,OBC,260722,Urban,1,0,0
28,Male,OBC,484383,Urban,8,0,0
35,Male,General,416081,Urban,12,0,1
64,Female,ST,246375,Urban,9,0,0
29,Female,General,126361,Urban,6,1,1
26,Female,General,400373,Urban,11,0,0
27,Female,OBC,185189,Urban,9,1,1
61,Male,General,140265,Rural,6,1,1
34,Female,General,147718,Urban,5,1,0
55,Male,OBC,372854,Urban,2,0,0
24,Female,SC,144876,Rural,9,1,1
63,Male,OBC,80949,Rural,2,0,1
30,Female,SC,465763,Urban,1,0,1
57,Male,ST,262954,Rural,10,0,0
59,Female,General,380280,Urban,5,0,0
26,Male,General,161541,Urban,3,0,1
44,Female,General,245691,Rural,15,0,0
19,Male,OBC,111842,Urban,4,0,1
22,Male,OBC,282930,Urban,2,0,1
46,Male,ST,339134,Urban,5,0,0
54,Male,SC,197265,Urban,10,1,1
55,Female,OBC,342253,Urban,11,0,1
36,Male,General,180356,Rural,2,0,0
25,Female,SC,462449,Urban,13,0,1
62,Male,ST,294629,Rural,14,0,1
18,Male,SC,262802,Rural,13,0,1
39,Female,General,440277,Rural,15,0,1
34,Female,OBC,215582,Rural,15,0,1
24,Male,General,313450,Rural,7,0,1
42,Male,General,53849,Urban,8,1,1
62,Female,General,62360,Urban,3,0,1
21,Male,OBC,423216,Urban,14,0,0
53,Female,OBC,303279,Rural,8,0,1
23,Female,General,144767,Rural,11,1,0
48,Female,General,311445,Urban,6,0,0
36,Male,OBC,226872,Urban,2,0,1
61,Female,General,480179,Urban,6,0,0
56,Male,General,104330,Rural,13,1,1
44,Male,OBC,101707,Urban,0,0,0
27,Male,SC,330833,Rural,2,0,0
43,Male,General,79084,Rural,5,1,1
36,Female,General,90387,Urban,3,0,0
56,Female,General,386960,Urban,6,0,1
20,Female,ST,52642,Urban,13,1,1
62,Male,OBC,354281,Urban,2,0,0
30,Male,OBC,236633,Urban,0,0,1
45,Male,General,374404,Urban,8,0,1
37,Female,OBC,196510,Rural,15,1,1
45,Male,General,360586,Urban,14,0,1
25,Female,OBC,415205,Urban,5,0,0
58,Male,ST,446210,Rural,7,0,1
56,Male,OBC,304511,Rural,2,0,1
18,Female,SC,437988,Urban,7,0,0
20,Male,SC,411719,Rural,1,0,0
30,Female,General,313957,Urban,11,0,1
45,Female,ST,405171,Rural,15,0,0
42,Male,General,435633,Rural,3,0,0
50,Male,OBC,134381,Rural,2,0,0
55,Male,General,299880,Urban,9,0,1
23,Female,General,367420,Rural,0,0,1
61,Male,OBC,353387,Urban,14,0,1
62,Female,General,243984,Urban,12,0,1
49,Female,OBC,110272,Urban,12,1,1
62,Female,OBC,223123,Urban,6,0,0
64,Male,General,263808,Urban,10,0,1
38,Female,General,303091,Rural,9,0,0
33,Female,OBC,377762,Rural,1,0,0
38,Male,General,314064,Urban,3,0,0
28,Male,SC,156121,Urban,8,1,1
54,Female,OBC,126872,Urban,5,1,1
53,Male,SC,393276,Urban,7,0,1
52,Female,OBC,314237,Urban,1,0,1
36,Male,OBC,325049,Rural,6,0,0
37,Male,OBC,171759,Urban,5,1,1
35,Female,General,467567,Urban,12,0,1
64,Male,General,343125,Urban,13,0,1
58,Male,SC,386047,Rural,8,0,1
31,Male,OBC,382965,Rural,6,0,0
32,Male,SC,421344,Rural,0,0,1
48,Male,SC,132289,Rural,13,1,1
18,Male,SC,166506,Urban,7,1,1
20,Female,ST,128513,Urban,10,1,1
33,Male,OBC,463090,Rural,9,0,0
40,Female,General,232003,Urban,14,0,1
28,Male,OBC,450890,Rural,2,0,0
29,Female,General,362660,Urban,13,0,1
27,Male,OBC,309480,Urban,1,0,1
49,Female,SC,312043,Urban,11,0,0
33,Male,OBC,241758,Rural,2,0,0
25,Male,General,381356,Rural,10,0,0
55,Male,General,183498,Urban,5,1,1
29,Male,OBC,304024,Urban,12,0,1
41,Male,General,180970,Urban,13,1,1
45,Male,SC,140009,Urban,2,0,1
25,Female,General,249570,Urban,9,0,1
45,Male,General,473159,Urban,15,0,0
53,Male,General,247467,Urban,4,0,0
43,Female,OBC,94816,Urban,5,1,0
25,Female,OBC,54138,Urban,7,1,0
45,Male,General,141176,Urban,6,1,1
45,Male,General,388089,Urban,13,0,1
54,Male,OBC,316161,Urban,10,0,1
58,Female,General,322595,Urban,7,0,0
53,Female,OBC,244028,Rural,2,0,0
44,Male,OBC,406007,Urban,3,0,1
34,Female,General,322422,Urban,15,0,1
26,Female,General,271552,Urban,15,0,1
50,Male,ST,93764,Rural,5,1,1
37,Female,OBC,173030,Rural,10,1,1
30,Male,OBC,444350,Rural,6,0,1
45,Male,General,375087,Rural,8,0,0
46,Male,OBC,145667,Urban,12,1,1
30,Male,General,366462,Rural,0,0,1
63,Male,OBC,415567,Rural,12,0,0
52,Female,ST,416142,Urban,14,0,0
23,Male,General,110128,Urban,7,1,1
35,Male,General,269128,Urban,7,0,1
22,Male,General,334013,Rural,5,0,1
64,Female,General,283540,Urban,3,0,1
42,Male,General,55039,Rural,2,0,0
19,Male,General,202353,Urban,10,0,1
27,Male,SC,162935,Urban,2,0,0
47,Male,OBC,60442,Urban,5,1,1
62,Female,General,385932,Urban,12,0,1
22,Female,ST,431873,Rural,7,0,0
50,Male,General,339730,Rural,6,0,1
18,Female,ST,103053,Urban,10,1,1
35,Female,General,231561,Rural,0,0,1
49,Female,SC,264176,Urban,10,0,1
64,Male,OBC,136346,Rural,15,1,1
28,Male,SC,379231,Urban,5,0,1
38,Male,ST,455841,Urban,6,0,0
43,Female,General,84397,Urban,11,1,1
42,Male,ST,370815,Urban,6,0,1
39,Male,General,166214,Urban,8,1,1
44,Male,General,379041,Rural,10,0,0
30,Female,General,207221,Rural,10,0,0
50,Male,OBC,448499,Rural,9,0,1
51,Female,General,450826,Urban,4,0,0
58,Female,OBC,486542,Urban,0,0,1
52,Male,OBC,327068,Urban,1,0,0
18,Female,SC,163143,Urban,14,1,1
38,Male,SC,422397,Rural,3,0,0
23,Female,OBC,412441,Urban,4,0,0
45,Male,General,313013,Urban,8,0,1
34,Female,General,409232,Urban,10,0,1
22,Female,General,313158,Rural,14,0,0
48,Female,General,60103,Urban,0,0,0
22,Female,General,422461,Urban,2,0,1
55,Male,General,476674,Urban,15,0,1
20,Female,ST,132409,Urban,4,0,0
40,Female,OBC,73248,Urban,15,1,1
54,Male,General,224588,Urban,15,0,1
54,Male,OBC,472277,Rural,2,0,0
27,Female,General,205242,Urban,3,0,1
27,Female,OBC,58024,Rural,14,1,0
36,Female,OBC,284864,Rural,13,0,0
34,Male,OBC,398091,Rural,2,0,1
38,Female,OBC,224875,Urban,3,0,0
31,Male,ST,462512,Urban,13,0,1
26,Female,SC,403973,Rural,14,0,0
63,Male,OBC,404852,Rural,15,0,0
18,Female,OBC,398808,Urban,12,0,1
62,Female,OBC,461473,Rural,12,0,0
30,Male,General,193927,Urban,14,1,1
21,Female,General,135178,Urban,14,1,1
18,Male,General,413265,Urban,0,0,1
57,Female,OBC,332169,Urban,11,0,0
49,Female,OBC,447674,Urban,7,0,0
51,Male,General,113610,Rural,3,0,0
45,Female,ST,120843,Urban,6,1,1
48,Female,ST,157237,Urban,1,0,0
25,Male,SC,230903,Urban,1,0,0
56,Male,OBC,224499,Urban,5,0,0
43,Female,SC,180299,Urban,13,1,1
51,Female,General,481722,Rural,1,0,0
20,Female,SC,55668,Rural,14,1,1
29,Female,General,272542,Rural,14,0,0
18,Male,SC,228267,Rural,5,0,0
61,Female,General,385377,Urban,10,0,0
22,Male,SC,205489,Urban,14,0,0
47,Male,ST,394126,Urban,1,0,1
47,Male,General,156133,Urban,3,0,1
34,Male,OBC,322895,Rural,6,0,1
64,Male,ST,358362,Urban,7,0,1
40,Male,OBC,438793,Urban,14,0,1
32,Female,SC,319496,Rural,2,0,1
54,Male,OBC,260124,Rural,13,0,0
38,Male,General,138835,Rural,14,1,0
31,Male,General,147493,Urban,12,1,1
19,Male,General,341071,Urban,8,0,1
28,Male,SC,222166,Urban,1,0,1
56,Male,General,151948,Urban,7,1,1
55,Female,OBC,235194,Urban,7,0,0
51,Female,OBC,79493,Urban,15,1,1
55,Female,OBC,343851,Rural,12,0,1
51,Male,SC,249886,Urban,15,0,1
35,Male,ST,188368,Rural,15,1,1
47,Female,OBC,206470,Rural,13,0,0
32,Male,SC,347986,Urban,3,0,0
44,Male,SC,63261,Rural,0,0,0
51,Male,OBC,126709,Urban,12,1,1
55,Male,ST,145985,Urban,0,0,0
50,Male,General,418760,Rural,1,0,0
41,Male,General,499920,Urban,13,0,1
32,Male,SC,379317,Rural,14,0,1
47,Male,OBC,343925,Urban,11,0,0
59,Female,SC,325796,Rural,13,0,0
34,Female,SC,317247,Urban,8,0,0
22,Female,General,337644,Urban,12,0,0
46,Female,SC,296404,Urban,1,0,0
21,Female,OBC,150336,Rural,1,0,0
27,Male,OBC,478745,Rural,5,0,0
34,Male,OBC,163499,Rural,6,1,1
27,Male,ST,199524,Urban,12,1,1
34,Female,General,361537,Rural,6,0,1
37,Female,OBC,474390,Rural,14,0,0
41,Male,OBC,216508,Rural,15,0,0
22,Female,SC,359550,Urban,12,0,1
51,Male,OBC,375203,Rural,8,0,1
23,Female,General,197026,Rural,5,1,1
19,Male,General,394866,Urban,13,0,0
30,Male,General,300819,Rural,7,0,0
60,Male,SC,62356,Rural,10,1,0
60,Male,General,178128,Urban,5,1,1
28,Male,General,52187,Urban,1,0,0
64,Male,ST,389387,Urban,0,0,0
40,Female,General,347242,Urban,4,0,0
33,Male,ST,202297,Rural,13,0,0
48,Male,OBC,184678,Urban,8,1,1
28,Female,SC,369764,Rural,7,0,0
33,Female,General,476044,Rural,13,0,0
25,Male,General,176270,Urban,12,1,1
21,Male,SC,469705,Rural,3,0,0
57,Male,SC,326531,Rural,4,0,1
21,Male,SC,381607,Rural,12,0,1
42,Female,General,292998,Rural,4,0,0
20,Male,SC,445807,Rural,5,0,1
49,Male,SC,291503,Rural,2,0,0
20,Female,OBC,491732,Urban,4,0,0
44,Male,SC,403827,Rural,15,0,0
46,Male,SC,112061,Rural,1,0,0
49,Male,OBC,285497,Rural,9,0,0
36,Female,General,131257,Urban,15,1,1
38,Male,OBC,111753,Rural,0,0,0
22,Female,General,396918,Urban,10,0,0
35,Male,OBC,454303,Rural,0,0,0
45,Male,OBC,474032,Urban,15,0,0
59,Female,General,73408,Urban,9,1,1
39,Female,General,174116,Urban,6,1,1
38,Female,General,181208,Urban,1,0,0
23,Female,SC,67413,Rural,3,0,0
18,Female,ST,163650,Rural,4,0,1
22,Male,General,109500,Rural,6,1,1
58,Male,ST,396658,Urban,1,0,1
29,Female,OBC,106358,Urban,13,1,1
43,Male,General,116197,Rural,5,1,0
63,Female,General,273861,Rural,0,0,0
51,Female,OBC,273492,Urban,6,0,1
31,Male,SC,311545,Urban,8,0,0
43,Male,SC,476070,Urban,4,0,0
62,Female,General,126240,Rural,4,0,0
44,Male,General,285595,Rural,3,0,1
26,Female,OBC,271135,Urban,15,0,0
43,Male,General,328466,Urban,15,0,0
64,Female,General,425197,Rural,2,0,0
39,Male,General,56968,Urban,8,1,1
64,Female,SC,339662,Urban,4,0,0
47,Male,ST,364069,Rural,7,0,1
60,Male,OBC,240920,Urban,8,0,0
34,Male,ST,424044,Urban,4,0,1
43,Female,General,405566,Rural,9,0,0
53,Female,OBC,313844,Rural,8,0,0
18,Male,General,405926,Rural,1,0,1
25,Male,OBC,282076,Rural,8,0,0
52,Male,ST,73199,Rural,10,1,1
32,Female,OBC,487805,Rural,3,0,0
64,Female,General,213187,Urban,5,0,0
39,Male,OBC,235388,Rural,15,0,1
31,Male,General,55520,Rural,5,1,0
43,Male,SC,159814,Urban,5,1,1
45,Male,OBC,217527,Urban,1,0,0
40,Male,OBC,296356,Urban,6,0,0
31,Female,OBC,173364,Urban,12,1,1
41,Male,OBC,484821,Urban,5,0,1
19,Female,General,64955,Rural,10,1,0
62,Male,OBC,225121,Rural,13,0,1
43,Male,General,194989,Urban,0,0,1
31,Female,SC,300144,Urban,1,0,1
24,Female,SC,114925,Urban,6,1,1
20,Female,SC,419360,Rural,0,0,0
64,Male,OBC,120269,Urban,14,1,1
40,Male,OBC,474170,Urban,0,0,0
63,Female,General,353602,Urban,0,0,0
60,Male,SC,401181,Urban,7,0,1
64,Male,General,202185,Urban,3,0,1
62,Male,OBC,149977,Rural,3,0,1
35,Male,General,356083,Rural,12,0,0
55,Female,General,79345,Rural,1,0,1
52,Male,OBC,305688,Urban,10,0,0
32,Male,General,489529,Rural,10,0,0
42,Male,SC,422251,Rural,10,0,1
54,Male,General,434010,Urban,15,0,1
45,Male,General,311798,Rural,0,0,0
27,Male,OBC,381310,Urban,11,0,1
56,Male,General,228933,Rural,9,0,0
34,Female,General,147406,Urban,8,1,1
56,Male,SC,361442,Rural,6,0,1
39,Male,General,490437,Urban,3,0,0
43,Female,SC,357086,Rural,11,0,0
61,Female,General,53453,Rural,5,1,0
42,Male,General,152811,Rural,13,1,0
34,Male,SC,104935,Urban,15,1,1
30,Male,General,434583,Urban,1,0,1
37,Female,General,224442,Rural,6,0,0
42,Female,General,320472,Urban,1,0,0
21,Female,General,65534,Urban,9,1,1
27,Male,SC,397424,Rural,7,0,0
20,Female,General,86320,Urban,7,1,1
58,Male,SC,99170,Urban,0,0,1
62,Male,SC,150546,Urban,12,1,1
35,Male,OBC,130201,Urban,7,1,1
64,Female,ST,284473,Rural,1,0,0
53,Male,General,320784,Rural,5,0,1
64,Female,ST,281324,Rural,12,0,0
39,Male,General,211121,Rural,0,0,1
51,Male,OBC,448834,Urban,4,0,1
64,Male,OBC,283612,Urban,10,0,0
25,Male,General,237125,Urban,6,0,1
57,Female,OBC,445136,Urban,12,0,0
61,Male,SC,356081,Rural,9,0,0
36,Female,General,250796,Urban,0,0,1
59,Female,General,193279,Urban,14,1,0
58,Female,SC,246846,Urban,1,0,1
54,Male,OBC,214044,Rural,6,0,0
23,Male,ST,454015,Rural,5,0,0
43,Male,SC,252160,Urban,2,0,1
51,Female,ST,472132,Rural,13,0,1
62,Female,SC,120463,Urban,9,1,1
23,Male,General,143500,Urban,1,0,1
54,Female,General,257772,Rural,9,0,0
50,Male,SC,87158,Urban,3,0,0
39,Female,OBC,134607,Rural,2,0,0
38,Male,General,431783,Rural,6,0,1
23,Female,General,295017,Rural,7,0,1
23,Male,ST,383840,Rural,1,0,1
21,Female,OBC,373654,Urban,9,0,1
47,Female,OBC,170076,Rural,6,1,1
28,Female,OBC,108692,Urban,7,1,1
47,Male,General,180841,Rural,5,1,1
48,Male,General,242816,Rural,5,0,1
41,Male,General,327954,Rural,9,0,1
26,Male,General,448342,Rural,0,0,1
20,Male,SC,211081,Urban,3,0,1
48,Female,OBC,161718,Rural,13,1,1
57,Male,SC,403076,Rural,0,0,0
54,Male,SC,50192,Rural,3,0,1
53,Male,General,297536,Rural,1,0,1
41,Male,OBC,86413,Urban,10,1,1
48,Female,OBC,193888,Urban,12,1,1
23,Male,SC,89082,Rural,4,0,1
19,Female,General,377192,Rural,9,0,0
37,Male,OBC,173130,Urban,13,1,1
45,Female,OBC,100940,Rural,8,1,1
28,Female,General,213202,Urban,10,0,1
21,Male,General,90142,Rural,14,1,0
32,Female,OBC,86468,Urban,11,1,1
23,Male,SC,473914,Urban,9,0,1
47,Female,General,191727,Urban,2,0,0
55,Male,OBC,228969,Urban,7,0,0
19,Female,General,473291,Urban,2,0,1
32,Female,SC,452575,Urban,5,0,0
28,Female,General,441192,Urban,15,0,1
25,Female,SC,286187,Rural,3,0,1
43,Male,General,92056,Rural,7,1,1
62,Male,General,101831,Urban,10,1,1
61,Male,General,371335,Rural,5,0,1
22,Male,General,299664,Urban,7,0,0
23,Female,OBC,434092,Rural,0,0,0
43,Male,General,476488,Rural,5,0,1
21,Female,SC,158117,Urban,0,0,0
36,Female,General,326815,Urban,0,0,0
37,Female,General,339192,Urban,7,0,0
50,Male,General,338107,Urban,15,0,1
37,Female,General,93954,Rural,14,1,1
29,Female,General,283192,Urban,6,0,1
64,Male,OBC,407574,Urban,2,0,1
18,Female,OBC,50717,Urban,5,1,1
43,Female,OBC,323820,Urban,14,0,0
31,Male,OBC,447650,Urban,8,0,0
55,Male,OBC,230882,Urban,6,0,1
54,Male,General,168696,Rural,11,1,1
28,Male,OBC,442974,Urban,2,0,1
53,Male,ST,54994,Urban,13,1,1
30,Male,OBC,316378,Rural,13,0,0
60,Male,OBC,119300,Urban,12,1,0
20,Male,General,356093,Rural,5,0,0
50,Female,SC,87405,Rural,10,1,1
23,Male,SC,347016,Urban,3,0,1
27,Female,OBC,354359,Urban,13,0,0
22,Male,ST,73185,Urban,12,1,1
40,Male,General,224514,Urban,2,0,1
27,Male,General,494975,Urban,8,0,1
61,Male,SC,353297,Urban,9,0,0
19,Male,SC,389679,Urban,1,0,1
